,ToZone,Trips,Hour
0,100439,262.911328,h0
1,100505,187.388828,h0
2,100506,143.427079,h0
3,100507,24.030233,h0
4,100508,270.388088,h0
5,100509,557.096877,h0
6,100510,180.894769,h0
7,100511,165.646948,h0
8,100512,198.168817,h0
9,100513,95.559872,h0
10,100514,366.401147,h0
11,100515,198.991525,h0
12,100516,223.435225,h0
13,100517,362.420859,h0
14,100518,570.36885,h0
15,100519,81.260589,h0
16,100520,165.580486,h0
17,100521,156.423961,h0
18,100522,470.691894,h0
19,100523,170.727144,h0
20,100524,124.364072,h0
21,100525,176.413965,h0
22,100526,287.393856,h0
23,100527,285.223715,h0
24,100528,241.525411,h0
25,100529,143.534771,h0
26,100530,248.288589,h0
27,100531,132.230775,h0
28,100532,159.3435,h0
29,100533,205.099699,h0
30,100534,280.802658,h0
31,100535,453.710792,h0
32,100536,271.061314,h0
33,100537,25.518474,h0
34,100538,273.506633,h0
35,100539,295.313297,h0
36,100540,113.323432,h0
37,100541,173.929974,h0
38,100542,28.70877,h0
39,100543,59.832509,h0
40,100544,280.451374,h0
41,100545,416.689336,h0
42,100546,107.720561,h0
43,100547,310.76002,h0
44,100548,352.287068,h0
45,100549,106.371335,h0
46,100550,49.265581,h0
47,100551,9.348764,h0
48,100552,12.801084,h0
49,100553,16.8155,h0
50,100554,127.643003,h0
51,100555,191.827847,h0
52,100556,10.61068,h0
53,100557,242.307652,h0
54,100558,281.436748,h0
55,100559,161.437921,h0
56,100560,16.78852,h0
57,100561,23.768478,h0
58,100562,37.734609,h0
59,100563,406.764102,h0
60,100564,2.023453,h0
61,100565,456.471997,h0
62,100566,205.747223,h0
63,100569,71.760708,h0
64,100570,51.474642,h0
65,100571,7.75555,h0
66,100572,83.255217,h0
67,100573,198.846256,h0
68,100574,253.707014,h0
69,100575,321.526921,h0
70,100576,32.656319,h0
71,100577,41.842851,h0
72,100578,255.852986,h0
73,100579,55.810791,h0
74,100580,311.902351,h0
75,100581,420.355177,h0
76,100582,154.525523,h0
77,100583,29.162585,h0
78,100584,204.194629,h0
79,100585,7.063297,h0
80,100586,146.799227,h0
81,100587,165.8178,h0
82,100598,420.214129,h0
83,100667,180.749709,h0
84,100668,65.602032,h0
85,100669,101.70942,h0
86,100793,37.90658,h0
87,100799,194.789153,h0
88,101258,107.014672,h0
89,101260,275.882904,h0
90,100439,121.831513,h1
91,100505,93.534436,h1
92,100506,75.18462,h1
93,100507,11.28629,h1
94,100508,114.274343,h1
95,100509,285.329335,h1
96,100510,81.522588,h1
97,100511,86.114692,h1
98,100512,81.597805,h1
99,100513,38.957074,h1
100,100514,184.598676,h1
101,100515,93.628517,h1
102,100516,103.813656,h1
103,100517,164.075107,h1
104,100518,262.553007,h1
105,100519,44.868675,h1
106,100520,78.006194,h1
107,100521,78.636266,h1
108,100522,230.477368,h1
109,100523,79.567617,h1
110,100524,60.251332,h1
111,100525,93.755198,h1
112,100526,195.80091,h1
113,100527,137.392442,h1
114,100528,111.034429,h1
115,100529,65.953014,h1
116,100530,116.280094,h1
117,100531,66.772947,h1
118,100532,80.767146,h1
119,100533,81.308561,h1
120,100534,131.477494,h1
121,100535,213.105084,h1
122,100536,160.864682,h1
123,100537,12.013143,h1
124,100538,132.970169,h1
125,100539,136.988562,h1
126,100540,41.833352,h1
127,100541,78.215006,h1
128,100542,13.423238,h1
129,100543,26.828972,h1
130,100544,130.912144,h1
131,100545,196.890479,h1
132,100546,52.132148,h1
133,100547,155.360617,h1
134,100548,188.802892,h1
135,100549,72.545363,h1
136,100550,26.42743,h1
137,100551,6.860548,h1
138,100552,6.463674,h1
139,100553,11.420396,h1
140,100554,57.401056,h1
141,100555,98.817514,h1
142,100556,5.989563,h1
143,100557,107.517471,h1
144,100558,127.299354,h1
145,100559,104.431257,h1
146,100560,5.963363,h1
147,100561,17.372855,h1
148,100562,24.404585,h1
149,100563,195.851768,h1
150,100564,0.702476,h1
151,100565,216.11479,h1
152,100566,103.71184,h1
153,100569,32.874372,h1
154,100570,27.1238,h1
155,100571,3.767903,h1
156,100572,41.069457,h1
157,100573,90.938537,h1
158,100574,116.335681,h1
159,100575,159.249276,h1
160,100576,16.051444,h1
161,100577,23.744299,h1
162,100578,119.676215,h1
163,100579,26.066636,h1
164,100580,146.739168,h1
165,100581,181.989363,h1
166,100582,68.262429,h1
167,100583,17.426602,h1
168,100584,94.145518,h1
169,100585,5.206675,h1
170,100586,66.986424,h1
171,100587,82.304491,h1
172,100598,178.906949,h1
173,100667,93.019278,h1
174,100668,32.274108,h1
175,100669,56.237266,h1
176,100793,18.987945,h1
177,100799,95.853514,h1
178,101258,39.516624,h1
179,101260,142.043898,h1
180,100439,184.818046,h2
181,100505,76.514376,h2
182,100506,50.709738,h2
183,100507,7.626386,h2
184,100508,65.074229,h2
185,100509,190.090091,h2
186,100510,45.445786,h2
187,100511,42.413964,h2
188,100512,49.188392,h2
189,100513,23.64992,h2
190,100514,102.428462,h2
191,100515,55.647696,h2
192,100516,59.614281,h2
193,100517,98.362967,h2
194,100518,174.312034,h2
195,100519,27.127609,h2
196,100520,44.656351,h2
197,100521,46.988452,h2
198,100522,145.10378,h2
199,100523,47.884963,h2
200,100524,32.049325,h2
201,100525,57.931811,h2
202,100526,78.215894,h2
203,100527,81.360482,h2
204,100528,59.88554,h2
205,100529,35.867566,h2
206,100530,65.018829,h2
207,100531,42.825461,h2
208,100532,47.009464,h2
209,100533,52.513421,h2
210,100534,76.879372,h2
211,100535,134.120478,h2
212,100536,109.434428,h2
213,100537,7.359185,h2
214,100538,97.427249,h2
215,100539,122.316918,h2
216,100540,26.765501,h2
217,100541,47.169047,h2
218,100542,11.537244,h2
219,100543,19.450087,h2
220,100544,77.871998,h2
221,100545,117.324387,h2
222,100546,30.813244,h2
223,100547,89.659698,h2
224,100548,154.966273,h2
225,100549,56.270933,h2
226,100550,18.051297,h2
227,100551,4.626234,h2
228,100552,4.585076,h2
229,100553,7.977666,h2
230,100554,39.602628,h2
231,100555,54.65274,h2
232,100556,2.968073,h2
233,100557,65.54596,h2
234,100558,71.963338,h2
235,100559,77.113881,h2
236,100560,3.940703,h2
237,100561,11.543961,h2
238,100562,18.891183,h2
239,100563,116.010236,h2
240,100564,0.815872,h2
241,100565,143.345331,h2
242,100566,65.052758,h2
243,100569,18.986631,h2
244,100570,18.093954,h2
245,100571,3.489693,h2
246,100572,25.62069,h2
247,100573,54.295021,h2
248,100574,69.207661,h2
249,100575,100.606416,h2
250,100576,9.28396,h2
251,100577,15.244912,h2
252,100578,72.515571,h2
253,100579,16.823906,h2
254,100580,87.823632,h2
255,100581,114.202988,h2
256,100582,39.638338,h2
257,100583,10.900787,h2
258,100584,56.116408,h2
259,100585,3.539511,h2
260,100586,41.794515,h2
261,100587,58.051754,h2
262,100598,103.194138,h2
263,100667,59.849189,h2
264,100668,20.429172,h2
265,100669,92.428781,h2
266,100793,12.343108,h2
267,100799,59.622495,h2
268,101258,25.290169,h2
269,101260,78.492155,h2
270,100439,62.600942,h3
271,100505,84.264485,h3
272,100506,40.815282,h3
273,100507,5.537551,h3
274,100508,43.085494,h3
275,100509,135.108674,h3
276,100510,34.582539,h3
277,100511,33.968957,h3
278,100512,38.859948,h3
279,100513,21.949726,h3
280,100514,71.327421,h3
281,100515,39.519758,h3
282,100516,46.19435,h3
283,100517,581.548641,h3
284,100518,341.042956,h3
285,100519,22.715192,h3
286,100520,36.966622,h3
287,100521,46.94374,h3
288,100522,117.604638,h3
289,100523,33.178843,h3
290,100524,21.773097,h3
291,100525,38.272466,h3
292,100526,57.980294,h3
293,100527,66.441054,h3
294,100528,42.250752,h3
295,100529,25.353952,h3
296,100530,39.867039,h3
297,100531,40.311281,h3
298,100532,39.064503,h3
299,100533,76.878226,h3
300,100534,51.034384,h3
301,100535,104.739427,h3
302,100536,78.831854,h3
303,100537,5.364172,h3
304,100538,121.206384,h3
305,100539,62.696665,h3
306,100540,20.462396,h3
307,100541,62.774522,h3
308,100542,10.008304,h3
309,100543,17.31185,h3
310,100544,52.458008,h3
311,100545,87.990979,h3
312,100546,24.375659,h3
313,100547,68.221497,h3
314,100548,188.47189,h3
315,100549,66.182348,h3
316,100550,12.205667,h3
317,100551,2.8613,h3
318,100552,5.390622,h3
319,100553,6.115465,h3
320,100554,21.897882,h3
321,100555,43.715264,h3
322,100556,2.413941,h3
323,100557,42.431881,h3
324,100558,39.863524,h3
325,100559,69.547805,h3
326,100560,2.590258,h3
327,100561,8.899569,h3
328,100562,14.506486,h3
329,100563,88.568047,h3
330,100564,0.772924,h3
331,100565,128.127081,h3
332,100566,47.508192,h3
333,100569,14.770263,h3
334,100570,11.202954,h3
335,100571,2.983211,h3
336,100572,38.330096,h3
337,100573,30.457458,h3
338,100574,48.381627,h3
339,100575,78.581652,h3
340,100576,13.096232,h3
341,100577,19.459637,h3
342,100578,47.23012,h3
343,100579,13.196512,h3
344,100580,62.138954,h3
345,100581,77.291521,h3
346,100582,25.359844,h3
347,100583,9.870127,h3
348,100584,57.984917,h3
349,100585,2.222577,h3
350,100586,25.835113,h3
351,100587,46.334633,h3
352,100598,63.48866,h3
353,100667,44.184128,h3
354,100668,16.613883,h3
355,100669,26.258298,h3
356,100793,17.608423,h3
357,100799,89.429067,h3
358,101258,19.339033,h3
359,101260,62.753469,h3
360,100439,94.875664,h4
361,100505,151.470443,h4
362,100506,50.005759,h4
363,100507,7.518158,h4
364,100508,41.433844,h4
365,100509,134.255851,h4
366,100510,35.720366,h4
367,100511,33.742532,h4
368,100512,46.752779,h4
369,100513,39.228851,h4
370,100514,88.93661,h4
371,100515,54.656425,h4
372,100516,56.014536,h4
373,100517,71.494843,h4
374,100518,494.103544,h4
375,100519,41.238634,h4
376,100520,47.735782,h4
377,100521,86.974829,h4
378,100522,127.458107,h4
379,100523,31.547092,h4
380,100524,21.135771,h4
381,100525,33.602732,h4
382,100526,52.017146,h4
383,100527,77.81936,h4
384,100528,44.580524,h4
385,100529,27.661048,h4
386,100530,53.716584,h4
387,100531,49.362979,h4
388,100532,46.310248,h4
389,100533,94.141799,h4
390,100534,62.701932,h4
391,100535,131.835809,h4
392,100536,83.820745,h4
393,100537,8.238255,h4
394,100538,175.104921,h4
395,100539,97.194598,h4
396,100540,41.07148,h4
397,100541,81.177132,h4
398,100542,14.832777,h4
399,100543,20.700793,h4
400,100544,75.707311,h4
401,100545,150.287733,h4
402,100546,44.98703,h4
403,100547,75.896422,h4
404,100548,312.05719,h4
405,100549,142.216501,h4
406,100550,15.928218,h4
407,100551,3.371426,h4
408,100552,6.269805,h4
409,100553,9.55332,h4
410,100554,23.617753,h4
411,100555,63.084102,h4
412,100556,5.228762,h4
413,100557,68.529526,h4
414,100558,53.618481,h4
415,100559,88.723522,h4
416,100560,4.749248,h4
417,100561,12.388245,h4
418,100562,41.74087,h4
419,100563,82.194802,h4
420,100564,0.942923,h4
421,100565,209.789028,h4
422,100566,44.764853,h4
423,100569,23.30321,h4
424,100570,15.966808,h4
425,100571,5.178271,h4
426,100572,40.252816,h4
427,100573,40.038974,h4
428,100574,47.785503,h4
429,100575,82.521697,h4
430,100576,24.63077,h4
431,100577,37.16896,h4
432,100578,58.279624,h4
433,100579,16.973374,h4
434,100580,86.915958,h4
435,100581,108.33655,h4
436,100582,37.819095,h4
437,100583,13.247916,h4
438,100584,71.305312,h4
439,100585,2.603211,h4
440,100586,29.35653,h4
441,100587,126.033212,h4
442,100598,64.659519,h4
443,100667,65.466544,h4
444,100668,17.980974,h4
445,100669,35.52791,h4
446,100793,13.089883,h4
447,100799,93.938301,h4
448,101258,38.797288,h4
449,101260,90.624625,h4
450,100439,248.205845,h5
451,100505,409.382852,h5
452,100506,108.161493,h5
453,100507,12.285017,h5
454,100508,75.974774,h5
455,100509,288.298294,h5
456,100510,74.999617,h5
457,100511,66.121364,h5
458,100512,98.868491,h5
459,100513,74.659954,h5
460,100514,222.748986,h5
461,100515,140.422919,h5
462,100516,115.769239,h5
463,100517,138.786255,h5
464,100518,493.364322,h5
465,100519,122.749825,h5
466,100520,185.253089,h5
467,100521,201.717964,h5
468,100522,198.797399,h5
469,100523,90.751841,h5
470,100524,44.457628,h5
471,100525,93.582605,h5
472,100526,89.03065,h5
473,100527,203.31532,h5
474,100528,129.491593,h5
475,100529,81.640499,h5
476,100530,92.952275,h5
477,100531,138.047414,h5
478,100532,74.56784,h5
479,100533,113.971897,h5
480,100534,102.173856,h5
481,100535,207.428992,h5
482,100536,123.266028,h5
483,100537,25.995508,h5
484,100538,479.747454,h5
485,100539,293.868775,h5
486,100540,90.907971,h5
487,100541,459.862152,h5
488,100542,48.878142,h5
489,100543,81.523004,h5
490,100544,245.906891,h5
491,100545,511.416596,h5
492,100546,158.886345,h5
493,100547,209.292325,h5
494,100548,565.872035,h5
495,100549,347.966562,h5
496,100550,35.716639,h5
497,100551,6.437109,h5
498,100552,17.111945,h5
499,100553,18.5529,h5
500,100554,89.763185,h5
501,100555,195.005265,h5
502,100556,17.57737,h5
503,100557,216.093514,h5
504,100558,141.842505,h5
505,100559,249.872167,h5
506,100560,16.90505,h5
507,100561,41.128593,h5
508,100562,188.255393,h5
509,100563,183.096403,h5
510,100564,2.887275,h5
511,100565,468.944274,h5
512,100566,95.220012,h5
513,100569,40.064064,h5
514,100570,36.844425,h5
515,100571,19.974134,h5
516,100572,109.997089,h5
517,100573,86.806394,h5
518,100574,178.015671,h5
519,100575,190.774264,h5
520,100576,67.171685,h5
521,100577,109.488114,h5
522,100578,194.471011,h5
523,100579,46.119677,h5
524,100580,120.434419,h5
525,100581,284.475238,h5
526,100582,116.69651,h5
527,100583,24.927958,h5
528,100584,202.697591,h5
529,100585,4.890718,h5
530,100586,53.008742,h5
531,100587,280.082046,h5
532,100598,164.769325,h5
533,100667,121.815746,h5
534,100668,27.878754,h5
535,100669,76.200164,h5
536,100793,39.82448,h5
537,100799,257.505205,h5
538,101258,85.850898,h5
539,101260,280.455095,h5
540,100439,829.964096,h6
541,100505,801.911299,h6
542,100506,215.810506,h6
543,100507,41.991994,h6
544,100508,175.731103,h6
545,100509,533.882395,h6
546,100510,264.663531,h6
547,100511,184.728751,h6
548,100512,255.453244,h6
549,100513,164.243382,h6
550,100514,705.348087,h6
551,100515,519.448265,h6
552,100516,334.320885,h6
553,100517,296.119477,h6
554,100518,1559.178563,h6
555,100519,529.020541,h6
556,100520,556.138272,h6
557,100521,859.12066,h6
558,100522,575.53417,h6
559,100523,283.306059,h6
560,100524,165.479138,h6
561,100525,232.067848,h6
562,100526,248.549971,h6
563,100527,547.497128,h6
564,100528,476.008369,h6
565,100529,324.583267,h6
566,100530,314.936248,h6
567,100531,663.50473,h6
568,100532,177.674107,h6
569,100533,245.440668,h6
570,100534,287.46224,h6
571,100535,439.213843,h6
572,100536,360.54248,h6
573,100537,73.621362,h6
574,100538,2182.706109,h6
575,100539,801.084591,h6
576,100540,453.308141,h6
577,100541,2741.821571,h6
578,100542,130.959823,h6
579,100543,340.300857,h6
580,100544,919.478553,h6
581,100545,1387.318477,h6
582,100546,488.406678,h6
583,100547,664.322424,h6
584,100548,1769.820718,h6
585,100549,1876.95177,h6
586,100550,143.290206,h6
587,100551,17.525579,h6
588,100552,52.989397,h6
589,100553,55.403853,h6
590,100554,206.612785,h6
591,100555,886.697071,h6
592,100556,86.88883,h6
593,100557,141.82977,h6
594,100558,202.445706,h6
595,100559,871.627467,h6
596,100560,43.442057,h6
597,100561,166.607601,h6
598,100562,599.381682,h6
599,100563,400.495029,h6
600,100564,5.263142,h6
601,100565,710.157988,h6
602,100566,238.50687,h6
603,100569,124.691821,h6
604,100570,136.44475,h6
605,100571,59.193921,h6
606,100572,208.062576,h6
607,100573,318.181322,h6
608,100574,822.516538,h6
609,100575,484.475696,h6
610,100576,273.085278,h6
611,100577,437.832757,h6
612,100578,211.837106,h6
613,100579,145.236116,h6
614,100580,347.005259,h6
615,100581,288.608326,h6
616,100582,435.273751,h6
617,100583,106.674859,h6
618,100584,1021.238283,h6
619,100585,13.305453,h6
620,100586,219.420765,h6
621,100587,2151.257905,h6
622,100598,410.574195,h6
623,100667,303.095934,h6
624,100668,77.694829,h6
625,100669,218.420043,h6
626,100793,100.963969,h6
627,100799,382.257186,h6
628,101258,329.675598,h6
629,101260,853.285839,h6
630,100439,1598.928524,h7
631,100505,1104.868633,h7
632,100506,246.535911,h7
633,100507,80.705647,h7
634,100508,332.372206,h7
635,100509,896.450949,h7
636,100510,594.605797,h7
637,100511,342.443578,h7
638,100512,431.400438,h7
639,100513,267.78365,h7
640,100514,1145.929783,h7
641,100515,849.293591,h7
642,100516,575.500806,h7
643,100517,487.230416,h7
644,100518,2595.99685,h7
645,100519,1291.502025,h7
646,100520,1043.148669,h7
647,100521,1731.814496,h7
648,100522,875.663487,h7
649,100523,585.443981,h7
650,100524,314.589093,h7
651,100525,375.366619,h7
652,100526,607.591823,h7
653,100527,930.853698,h7
654,100528,915.1977,h7
655,100529,625.177888,h7
656,100530,545.775716,h7
657,100531,995.500302,h7
658,100532,286.170955,h7
659,100533,351.887793,h7
660,100534,462.997748,h7
661,100535,777.229848,h7
662,100536,631.478528,h7
663,100537,131.383429,h7
664,100538,3597.059322,h7
665,100539,1474.667902,h7
666,100540,1088.434678,h7
667,100541,3890.36141,h7
668,100542,258.606298,h7
669,100543,659.876772,h7
670,100544,2133.48396,h7
671,100545,2302.001,h7
672,100546,753.28927,h7
673,100547,1072.991206,h7
674,100548,2310.450957,h7
675,100549,2916.568604,h7
676,100550,137.381907,h7
677,100551,20.157684,h7
678,100552,62.923714,h7
679,100553,68.40157,h7
680,100554,368.983985,h7
681,100555,1373.999938,h7
682,100556,132.564144,h7
683,100557,332.767852,h7
684,100558,227.694678,h7
685,100559,1195.179103,h7
686,100560,100.773953,h7
687,100561,246.120433,h7
688,100562,778.950804,h7
689,100563,880.568141,h7
690,100564,6.578472,h7
691,100565,1353.151483,h7
692,100566,423.615217,h7
693,100569,229.479318,h7
694,100570,279.083431,h7
695,100571,87.47901,h7
696,100572,379.1438,h7
697,100573,677.27144,h7
698,100574,1334.707048,h7
699,100575,960.966001,h7
700,100576,426.035009,h7
701,100577,598.777022,h7
702,100578,414.138064,h7
703,100579,242.814238,h7
704,100580,795.016414,h7
705,100581,739.154839,h7
706,100582,1091.100144,h7
707,100583,168.770867,h7
708,100584,2084.074872,h7
709,100585,15.291026,h7
710,100586,532.777689,h7
711,100587,4307.378729,h7
712,100598,796.936777,h7
713,100667,466.985355,h7
714,100668,118.055384,h7
715,100669,426.706508,h7
716,100793,180.077754,h7
717,100799,696.809304,h7
718,101258,791.449597,h7
719,101260,1322.219718,h7
720,100439,1840.105816,h8
721,100505,912.133168,h8
722,100506,258.929006,h8
723,100507,79.149169,h8
724,100508,307.618204,h8
725,100509,813.833675,h8
726,100510,398.030824,h8
727,100511,317.281481,h8
728,100512,412.398766,h8
729,100513,202.851379,h8
730,100514,781.368936,h8
731,100515,556.282062,h8
732,100516,408.947545,h8
733,100517,416.730989,h8
734,100518,2717.568761,h8
735,100519,1111.661321,h8
736,100520,799.66178,h8
737,100521,1633.928707,h8
738,100522,763.441359,h8
739,100523,470.392058,h8
740,100524,312.767468,h8
741,100525,349.045238,h8
742,100526,559.226778,h8
743,100527,791.789142,h8
744,100528,813.631722,h8
745,100529,554.318637,h8
746,100530,631.322091,h8
747,100531,788.285458,h8
748,100532,274.663449,h8
749,100533,372.166028,h8
750,100534,431.156409,h8
751,100535,699.876584,h8
752,100536,511.484592,h8
753,100537,144.648208,h8
754,100538,3238.34097,h8
755,100539,1653.155667,h8
756,100540,962.872247,h8
757,100541,3362.115964,h8
758,100542,253.623492,h8
759,100543,647.248192,h8
760,100544,2134.633874,h8
761,100545,2324.018153,h8
762,100546,687.967674,h8
763,100547,1238.867456,h8
764,100548,1946.544134,h8
765,100549,2452.101254,h8
766,100550,144.330962,h8
767,100551,21.127535,h8
768,100552,51.817384,h8
769,100553,59.674044,h8
770,100554,338.121066,h8
771,100555,1056.458383,h8
772,100556,137.906454,h8
773,100557,253.004917,h8
774,100558,231.619936,h8
775,100559,919.420316,h8
776,100560,92.102631,h8
777,100561,199.428995,h8
778,100562,604.785855,h8
779,100563,689.840938,h8
780,100564,4.263848,h8
781,100565,1396.729091,h8
782,100566,456.512695,h8
783,100569,221.720998,h8
784,100570,230.325337,h8
785,100571,95.189318,h8
786,100572,510.562132,h8
787,100573,631.174149,h8
788,100574,1051.753264,h8
789,100575,834.186834,h8
790,100576,385.902015,h8
791,100577,576.624238,h8
792,100578,378.840696,h8
793,100579,220.491358,h8
794,100580,637.33167,h8
795,100581,517.49864,h8
796,100582,870.24671,h8
797,100583,164.197564,h8
798,100584,1830.280485,h8
799,100585,16.022649,h8
800,100586,421.973646,h8
801,100587,3835.051986,h8
802,100598,688.689666,h8
803,100667,460.774795,h8
804,100668,102.964067,h8
805,100669,330.021496,h8
806,100793,169.450645,h8
807,100799,938.436709,h8
808,101258,700.158386,h8
809,101260,1016.647961,h8
810,100439,1770.037436,h9
811,100505,692.462747,h9
812,100506,257.588139,h9
813,100507,78.37477,h9
814,100508,273.803009,h9
815,100509,767.865612,h9
816,100510,326.711519,h9
817,100511,270.998455,h9
818,100512,372.140783,h9
819,100513,179.112449,h9
820,100514,662.706758,h9
821,100515,453.41854,h9
822,100516,366.92535,h9
823,100517,400.162043,h9
824,100518,2173.241225,h9
825,100519,987.14098,h9
826,100520,641.045666,h9
827,100521,1665.728933,h9
828,100522,721.623724,h9
829,100523,408.211813,h9
830,100524,274.392651,h9
831,100525,302.692664,h9
832,100526,471.982206,h9
833,100527,695.963486,h9
834,100528,716.404396,h9
835,100529,391.169221,h9
836,100530,468.68001,h9
837,100531,537.936571,h9
838,100532,264.01651,h9
839,100533,364.707469,h9
840,100534,429.868242,h9
841,100535,632.897152,h9
842,100536,449.917576,h9
843,100537,139.29691,h9
844,100538,2589.86028,h9
845,100539,1368.589862,h9
846,100540,771.730467,h9
847,100541,1750.527798,h9
848,100542,223.197534,h9
849,100543,543.897548,h9
850,100544,1896.114118,h9
851,100545,2154.629085,h9
852,100546,403.644514,h9
853,100547,1062.690414,h9
854,100548,1614.424794,h9
855,100549,1330.147093,h9
856,100550,146.432409,h9
857,100551,19.376332,h9
858,100552,40.606432,h9
859,100553,59.037562,h9
860,100554,287.908038,h9
861,100555,830.962126,h9
862,100556,116.095585,h9
863,100557,1470.083224,h9
864,100558,838.506101,h9
865,100559,722.408606,h9
866,100560,60.060318,h9
867,100561,152.676021,h9
868,100562,478.190475,h9
869,100563,649.38236,h9
870,100564,4.681152,h9
871,100565,1120.1777,h9
872,100566,453.002107,h9
873,100569,175.326916,h9
874,100570,192.105328,h9
875,100571,98.669778,h9
876,100572,307.138287,h9
877,100573,498.473633,h9
878,100574,765.4398,h9
879,100575,654.279341,h9
880,100576,328.730881,h9
881,100577,418.744434,h9
882,100578,892.100392,h9
883,100579,174.789963,h9
884,100580,554.639831,h9
885,100581,1498.61104,h9
886,100582,708.693962,h9
887,100583,143.605208,h9
888,100584,1594.298656,h9
889,100585,16.641896,h9
890,100586,340.451853,h9
891,100587,1729.563792,h9
892,100598,573.92179,h9
893,100667,436.287655,h9
894,100668,141.820734,h9
895,100669,250.657543,h9
896,100793,148.700561,h9
897,100799,928.915146,h9
898,101258,567.059683,h9
899,101260,991.102144,h9
900,100439,1620.143463,h10
901,100505,638.179423,h10
902,100506,275.758556,h10
903,100507,61.440462,h10
904,100508,287.405372,h10
905,100509,824.994258,h10
906,100510,327.486164,h10
907,100511,271.600832,h10
908,100512,332.476161,h10
909,100513,187.533405,h10
910,100514,725.889278,h10
911,100515,486.223263,h10
912,100516,377.42226,h10
913,100517,471.581598,h10
914,100518,2103.793849,h10
915,100519,765.056345,h10
916,100520,602.915839,h10
917,100521,1555.624898,h10
918,100522,808.799488,h10
919,100523,382.018908,h10
920,100524,250.657607,h10
921,100525,297.943855,h10
922,100526,520.829112,h10
923,100527,1761.221796,h10
924,100528,615.380515,h10
925,100529,336.008378,h10
926,100530,426.970512,h10
927,100531,436.845236,h10
928,100532,289.821065,h10
929,100533,397.485128,h10
930,100534,493.846554,h10
931,100535,691.06887,h10
932,100536,521.839339,h10
933,100537,126.052508,h10
934,100538,2376.809341,h10
935,100539,1244.428469,h10
936,100540,675.200467,h10
937,100541,1456.76189,h10
938,100542,188.391681,h10
939,100543,386.821321,h10
940,100544,1752.070351,h10
941,100545,1942.275944,h10
942,100546,362.07313,h10
943,100547,883.321894,h10
944,100548,1447.540841,h10
945,100549,1086.744152,h10
946,100550,130.567451,h10
947,100551,17.648069,h10
948,100552,35.970517,h10
949,100553,61.234632,h10
950,100554,270.209136,h10
951,100555,756.342948,h10
952,100556,96.862159,h10
953,100557,1098.700051,h10
954,100558,715.189068,h10
955,100559,612.582509,h10
956,100560,54.545408,h10
957,100561,122.23126,h10
958,100562,388.36647,h10
959,100563,685.314992,h10
960,100564,4.654253,h10
961,100565,1104.61538,h10
962,100566,444.460825,h10
963,100569,166.361015,h10
964,100570,193.447735,h10
965,100571,88.234812,h10
966,100572,309.18728,h10
967,100573,472.86777,h10
968,100574,694.718017,h10
969,100575,653.913167,h10
970,100576,297.079837,h10
971,100577,393.240615,h10
972,100578,830.72441,h10
973,100579,168.311416,h10
974,100580,639.789378,h10
975,100581,1422.43629,h10
976,100582,639.323333,h10
977,100583,141.507436,h10
978,100584,1470.84149,h10
979,100585,15.161947,h10
980,100586,331.714685,h10
981,100587,1609.165235,h10
982,100598,590.204472,h10
983,100667,452.033081,h10
984,100668,158.91989,h10
985,100669,265.543325,h10
986,100793,141.649877,h10
987,100799,935.116848,h10
988,101258,496.14187,h10
989,101260,902.096662,h10
990,100439,1310.026685,h11
991,100505,649.974455,h11
992,100506,295.444437,h11
993,100507,62.813755,h11
994,100508,334.344169,h11
995,100509,964.421057,h11
996,100510,367.488985,h11
997,100511,295.263059,h11
998,100512,400.690465,h11
999,100513,208.662361,h11
1000,100514,779.710217,h11
1001,100515,532.331907,h11
1002,100516,458.922107,h11
1003,100517,597.862682,h11
1004,100518,1995.02472,h11
1005,100519,686.90787,h11
1006,100520,587.841419,h11
1007,100521,1442.474793,h11
1008,100522,892.661625,h11
1009,100523,406.624546,h11
1010,100524,260.264934,h11
1011,100525,325.101369,h11
1012,100526,555.381067,h11
1013,100527,724.375846,h11
1014,100528,615.417566,h11
1015,100529,336.382138,h11
1016,100530,472.440805,h11
1017,100531,407.877943,h11
1018,100532,342.876878,h11
1019,100533,495.594261,h11
1020,100534,589.598163,h11
1021,100535,779.382271,h11
1022,100536,559.819358,h11
1023,100537,123.463951,h11
1024,100538,2194.539183,h11
1025,100539,1126.665533,h11
1026,100540,616.069685,h11
1027,100541,1380.731992,h11
1028,100542,185.551476,h11
1029,100543,385.509932,h11
1030,100544,1661.511543,h11
1031,100545,1879.441704,h11
1032,100546,344.428938,h11
1033,100547,844.016245,h11
1034,100548,1342.983948,h11
1035,100549,984.566559,h11
1036,100550,129.04343,h11
1037,100551,17.470764,h11
1038,100552,33.649333,h11
1039,100553,59.480007,h11
1040,100554,278.402697,h11
1041,100555,733.497541,h11
1042,100556,92.659637,h11
1043,100557,1070.434039,h11
1044,100558,669.255156,h11
1045,100559,600.0869,h11
1046,100560,61.690151,h11
1047,100561,119.049277,h11
1048,100562,354.67227,h11
1049,100563,761.301471,h11
1050,100564,6.147885,h11
1051,100565,1211.494502,h11
1052,100566,463.537637,h11
1053,100569,167.534798,h11
1054,100570,174.791329,h11
1055,100571,95.758896,h11
1056,100572,316.985709,h11
1057,100573,498.431883,h11
1058,100574,749.001924,h11
1059,100575,758.327846,h11
1060,100576,285.850308,h11
1061,100577,366.902287,h11
1062,100578,842.703311,h11
1063,100579,182.387294,h11
1064,100580,727.478975,h11
1065,100581,1522.73896,h11
1066,100582,609.548579,h11
1067,100583,151.508685,h11
1068,100584,1397.440126,h11
1069,100585,15.010108,h11
1070,100586,363.391587,h11
1071,100587,1571.628141,h11
1072,100598,671.223872,h11
1073,100667,474.531424,h11
1074,100668,175.369083,h11
1075,100669,271.35456,h11
1076,100793,135.755917,h11
1077,100799,958.72033,h11
1078,101258,452.700193,h11
1079,101260,874.846731,h11
1080,100439,1460.885384,h12
1081,100505,685.916354,h12
1082,100506,342.678883,h12
1083,100507,76.734819,h12
1084,100508,425.160418,h12
1085,100509,1174.720217,h12
1086,100510,416.300354,h12
1087,100511,351.657596,h12
1088,100512,463.966901,h12
1089,100513,257.784332,h12
1090,100514,950.511242,h12
1091,100515,616.453328,h12
1092,100516,547.730589,h12
1093,100517,804.425435,h12
1094,100518,1931.019098,h12
1095,100519,624.478109,h12
1096,100520,592.998205,h12
1097,100521,1320.453769,h12
1098,100522,968.403966,h12
1099,100523,474.439823,h12
1100,100524,291.805783,h12
1101,100525,385.694165,h12
1102,100526,578.874026,h12
1103,100527,815.134368,h12
1104,100528,627.434556,h12
1105,100529,431.005044,h12
1106,100530,555.210213,h12
1107,100531,420.514885,h12
1108,100532,468.449253,h12
1109,100533,558.128148,h12
1110,100534,730.603211,h12
1111,100535,954.012701,h12
1112,100536,706.0019,h12
1113,100537,127.866785,h12
1114,100538,1985.64103,h12
1115,100539,1168.229885,h12
1116,100540,655.005702,h12
1117,100541,1452.804279,h12
1118,100542,188.019426,h12
1119,100543,368.428943,h12
1120,100544,1624.367022,h12
1121,100545,2016.706341,h12
1122,100546,277.48442,h12
1123,100547,897.674437,h12
1124,100548,1301.767335,h12
1125,100549,924.186701,h12
1126,100550,140.218305,h12
1127,100551,17.152812,h12
1128,100552,43.377835,h12
1129,100553,54.142052,h12
1130,100554,306.337472,h12
1131,100555,678.835487,h12
1132,100556,98.791535,h12
1133,100557,1105.107952,h12
1134,100558,947.108354,h12
1135,100559,642.643439,h12
1136,100560,48.081341,h12
1137,100561,129.470122,h12
1138,100562,312.412894,h12
1139,100563,951.198701,h12
1140,100564,6.161455,h12
1141,100565,1430.468039,h12
1142,100566,541.415187,h12
1143,100569,186.313767,h12
1144,100570,190.561159,h12
1145,100571,104.38124,h12
1146,100572,173.062329,h12
1147,100573,555.624635,h12
1148,100574,866.211015,h12
1149,100575,861.302989,h12
1150,100576,276.187446,h12
1151,100577,349.155279,h12
1152,100578,948.743254,h12
1153,100579,196.486402,h12
1154,100580,885.915869,h12
1155,100581,1556.663919,h12
1156,100582,624.354885,h12
1157,100583,156.622278,h12
1158,100584,1430.47644,h12
1159,100585,14.215487,h12
1160,100586,386.734487,h12
1161,100587,1503.564217,h12
1162,100598,845.244469,h12
1163,100667,574.084814,h12
1164,100668,276.907672,h12
1165,100669,311.695002,h12
1166,100793,118.11669,h12
1167,100799,1181.158402,h12
1168,101258,492.34778,h12
1169,101260,1093.189645,h12
1170,100439,1443.576861,h13
1171,100505,731.115417,h13
1172,100506,401.644169,h13
1173,100507,76.197393,h13
1174,100508,588.018205,h13
1175,100509,1398.769703,h13
1176,100510,500.495224,h13
1177,100511,439.600726,h13
1178,100512,530.919918,h13
1179,100513,310.967059,h13
1180,100514,1119.881828,h13
1181,100515,723.208272,h13
1182,100516,659.752079,h13
1183,100517,1000.047499,h13
1184,100518,1957.486442,h13
1185,100519,573.194102,h13
1186,100520,626.497752,h13
1187,100521,1301.420922,h13
1188,100522,1148.025055,h13
1189,100523,586.11505,h13
1190,100524,357.275083,h13
1191,100525,492.838956,h13
1192,100526,749.112646,h13
1193,100527,934.831812,h13
1194,100528,791.341918,h13
1195,100529,546.1113,h13
1196,100530,690.019704,h13
1197,100531,524.363701,h13
1198,100532,567.777547,h13
1199,100533,627.095906,h13
1200,100534,894.806382,h13
1201,100535,1135.609309,h13
1202,100536,865.628753,h13
1203,100537,137.081117,h13
1204,100538,1897.082629,h13
1205,100539,1214.674244,h13
1206,100540,630.129935,h13
1207,100541,1504.913572,h13
1208,100542,200.647247,h13
1209,100543,396.402026,h13
1210,100544,1623.315798,h13
1211,100545,2250.507057,h13
1212,100546,325.618598,h13
1213,100547,1088.392721,h13
1214,100548,1664.404638,h13
1215,100549,928.166044,h13
1216,100550,156.688724,h13
1217,100551,24.368907,h13
1218,100552,65.204521,h13
1219,100553,71.600645,h13
1220,100554,351.99699,h13
1221,100555,781.778947,h13
1222,100556,110.09935,h13
1223,100557,1324.096551,h13
1224,100558,828.514302,h13
1225,100559,735.093999,h13
1226,100560,51.543042,h13
1227,100561,126.41209,h13
1228,100562,351.326778,h13
1229,100563,1263.527083,h13
1230,100564,7.731425,h13
1231,100565,1851.623227,h13
1232,100566,675.880479,h13
1233,100569,231.492239,h13
1234,100570,221.866098,h13
1235,100571,116.27885,h13
1236,100572,198.958719,h13
1237,100573,674.912434,h13
1238,100574,1011.300899,h13
1239,100575,1009.224027,h13
1240,100576,292.206437,h13
1241,100577,358.895728,h13
1242,100578,1079.535984,h13
1243,100579,213.255167,h13
1244,100580,1016.898878,h13
1245,100581,1792.266555,h13
1246,100582,703.023094,h13
1247,100583,165.448055,h13
1248,100584,1506.523626,h13
1249,100585,20.170492,h13
1250,100586,440.111337,h13
1251,100587,1514.363779,h13
1252,100598,1094.425762,h13
1253,100667,665.444142,h13
1254,100668,328.223225,h13
1255,100669,375.819111,h13
1256,100793,122.305526,h13
1257,100799,1358.203781,h13
1258,101258,473.652682,h13
1259,101260,1259.000689,h13
1260,100439,1321.050637,h14
1261,100505,739.790866,h14
1262,100506,419.910864,h14
1263,100507,92.943062,h14
1264,100508,635.080012,h14
1265,100509,1679.073704,h14
1266,100510,555.491551,h14
1267,100511,464.66694,h14
1268,100512,572.134789,h14
1269,100513,327.833869,h14
1270,100514,1191.939666,h14
1271,100515,759.494952,h14
1272,100516,712.377684,h14
1273,100517,1193.162135,h14
1274,100518,1993.887278,h14
1275,100519,556.582252,h14
1276,100520,627.783308,h14
1277,100521,1252.771816,h14
1278,100522,1261.787162,h14
1279,100523,571.148694,h14
1280,100524,358.362767,h14
1281,100525,478.014105,h14
1282,100526,781.737897,h14
1283,100527,982.833232,h14
1284,100528,683.940896,h14
1285,100529,472.160353,h14
1286,100530,697.568246,h14
1287,100531,482.563301,h14
1288,100532,627.501304,h14
1289,100533,694.151107,h14
1290,100534,1028.771454,h14
1291,100535,1284.719478,h14
1292,100536,915.183257,h14
1293,100537,132.324143,h14
1294,100538,1811.688743,h14
1295,100539,1150.091214,h14
1296,100540,679.349324,h14
1297,100541,1556.561012,h14
1298,100542,187.484318,h14
1299,100543,349.745965,h14
1300,100544,1514.095631,h14
1301,100545,2167.981555,h14
1302,100546,312.948639,h14
1303,100547,1001.356118,h14
1304,100548,1515.081824,h14
1305,100549,870.27112,h14
1306,100550,165.555373,h14
1307,100551,28.011151,h14
1308,100552,62.591444,h14
1309,100553,76.029535,h14
1310,100554,344.449657,h14
1311,100555,798.770847,h14
1312,100556,100.126009,h14
1313,100557,1229.237435,h14
1314,100558,1076.405702,h14
1315,100559,750.956569,h14
1316,100560,65.685898,h14
1317,100561,139.420916,h14
1318,100562,327.636742,h14
1319,100563,1452.490078,h14
1320,100564,8.431081,h14
1321,100565,1927.177557,h14
1322,100566,752.590208,h14
1323,100569,242.873744,h14
1324,100570,231.77821,h14
1325,100571,136.172324,h14
1326,100572,229.506319,h14
1327,100573,703.454267,h14
1328,100574,1044.07418,h14
1329,100575,1181.253105,h14
1330,100576,304.862427,h14
1331,100577,397.994413,h14
1332,100578,1121.899444,h14
1333,100579,226.932843,h14
1334,100580,1194.895447,h14
1335,100581,1893.322057,h14
1336,100582,661.13905,h14
1337,100583,174.853595,h14
1338,100584,1530.616027,h14
1339,100585,23.17622,h14
1340,100586,497.866665,h14
1341,100587,1513.50788,h14
1342,100598,1228.77283,h14
1343,100667,727.514356,h14
1344,100668,360.723676,h14
1345,100669,483.82362,h14
1346,100793,121.913767,h14
1347,100799,1567.047952,h14
1348,101258,510.642951,h14
1349,101260,1286.36953,h14
1350,100439,1464.768758,h15
1351,100505,711.462442,h15
1352,100506,450.441878,h15
1353,100507,103.730895,h15
1354,100508,838.275512,h15
1355,100509,2236.214191,h15
1356,100510,563.216071,h15
1357,100511,479.186446,h15
1358,100512,596.416367,h15
1359,100513,363.073996,h15
1360,100514,1287.089998,h15
1361,100515,702.185064,h15
1362,100516,760.160943,h15
1363,100517,1510.509305,h15
1364,100518,2017.188328,h15
1365,100519,516.931963,h15
1366,100520,1226.910518,h15
1367,100521,1267.286936,h15
1368,100522,1413.367185,h15
1369,100523,589.503063,h15
1370,100524,384.347232,h15
1371,100525,517.420313,h15
1372,100526,794.276968,h15
1373,100527,1092.225124,h15
1374,100528,762.53559,h15
1375,100529,482.104689,h15
1376,100530,809.940418,h15
1377,100531,513.364992,h15
1378,100532,662.172108,h15
1379,100533,687.919361,h15
1380,100534,1170.498039,h15
1381,100535,1503.55596,h15
1382,100536,1123.324321,h15
1383,100537,145.50742,h15
1384,100538,1797.037696,h15
1385,100539,1087.928376,h15
1386,100540,646.947931,h15
1387,100541,1515.772902,h15
1388,100542,214.784833,h15
1389,100543,379.209356,h15
1390,100544,1548.444564,h15
1391,100545,2287.158306,h15
1392,100546,291.018888,h15
1393,100547,1022.908562,h15
1394,100548,1549.052976,h15
1395,100549,805.897959,h15
1396,100550,165.671607,h15
1397,100551,30.741764,h15
1398,100552,61.165647,h15
1399,100553,68.04113,h15
1400,100554,418.565772,h15
1401,100555,905.697373,h15
1402,100556,85.916552,h15
1403,100557,1525.014918,h15
1404,100558,1033.003291,h15
1405,100559,993.668979,h15
1406,100560,75.489634,h15
1407,100561,124.339961,h15
1408,100562,227.464971,h15
1409,100563,2031.804895,h15
1410,100564,11.523466,h15
1411,100565,2455.214366,h15
1412,100566,1029.186367,h15
1413,100569,291.732868,h15
1414,100570,275.692047,h15
1415,100571,175.424442,h15
1416,100572,233.752123,h15
1417,100573,948.95312,h15
1418,100574,1229.793488,h15
1419,100575,1445.322757,h15
1420,100576,336.302029,h15
1421,100577,387.943201,h15
1422,100578,1348.587327,h15
1423,100579,266.549846,h15
1424,100580,1612.204501,h15
1425,100581,2231.565095,h15
1426,100582,823.74451,h15
1427,100583,191.506638,h15
1428,100584,1704.765744,h15
1429,100585,20.024525,h15
1430,100586,616.548326,h15
1431,100587,1490.732271,h15
1432,100598,1598.875398,h15
1433,100667,836.761384,h15
1434,100668,361.379819,h15
1435,100669,648.429308,h15
1436,100793,156.538729,h15
1437,100799,1705.697233,h15
1438,101258,498.74096,h15
1439,101260,1546.553322,h15
1440,100439,1436.931028,h16
1441,100505,738.035948,h16
1442,100506,519.137014,h16
1443,100507,90.860049,h16
1444,100508,775.090489,h16
1445,100509,2215.756754,h16
1446,100510,609.505511,h16
1447,100511,510.067159,h16
1448,100512,662.322302,h16
1449,100513,372.398709,h16
1450,100514,1368.509716,h16
1451,100515,745.879305,h16
1452,100516,832.670665,h16
1453,100517,1562.881571,h16
1454,100518,2183.366959,h16
1455,100519,510.901662,h16
1456,100520,661.742245,h16
1457,100521,1144.857874,h16
1458,100522,1548.651575,h16
1459,100523,645.575648,h16
1460,100524,427.95639,h16
1461,100525,508.095813,h16
1462,100526,877.510747,h16
1463,100527,1081.587443,h16
1464,100528,743.5732,h16
1465,100529,470.787903,h16
1466,100530,872.435805,h16
1467,100531,465.307143,h16
1468,100532,689.10387,h16
1469,100533,711.085226,h16
1470,100534,1243.841197,h16
1471,100535,1537.192739,h16
1472,100536,1137.980306,h16
1473,100537,150.009901,h16
1474,100538,1799.659064,h16
1475,100539,1101.713492,h16
1476,100540,763.287992,h16
1477,100541,1498.302122,h16
1478,100542,234.806789,h16
1479,100543,388.436931,h16
1480,100544,1689.690225,h16
1481,100545,2328.947221,h16
1482,100546,291.394445,h16
1483,100547,1068.830203,h16
1484,100548,1639.589635,h16
1485,100549,733.117803,h16
1486,100550,157.682898,h16
1487,100551,35.632518,h16
1488,100552,56.871891,h16
1489,100553,73.453109,h16
1490,100554,403.236331,h16
1491,100555,890.6321,h16
1492,100556,70.488796,h16
1493,100557,1524.791397,h16
1494,100558,991.673466,h16
1495,100559,964.694209,h16
1496,100560,65.460802,h16
1497,100561,112.056876,h16
1498,100562,212.382528,h16
1499,100563,1871.289091,h16
1500,100564,10.411004,h16
1501,100565,2428.017129,h16
1502,100566,1076.993564,h16
1503,100569,295.938366,h16
1504,100570,275.529306,h16
1505,100571,168.282819,h16
1506,100572,249.362739,h16
1507,100573,1026.952807,h16
1508,100574,1247.230305,h16
1509,100575,1552.382051,h16
1510,100576,332.538591,h16
1511,100577,400.431048,h16
1512,100578,1372.411129,h16
1513,100579,270.999966,h16
1514,100580,1659.39248,h16
1515,100581,2247.480961,h16
1516,100582,886.515846,h16
1517,100583,190.682142,h16
1518,100584,1827.015723,h16
1519,100585,23.190905,h16
1520,100586,679.495438,h16
1521,100587,1490.807178,h16
1522,100598,1581.442087,h16
1523,100667,827.901535,h16
1524,100668,395.945717,h16
1525,100669,518.438453,h16
1526,100793,164.807013,h16
1527,100799,1819.753726,h16
1528,101258,588.414872,h16
1529,101260,1520.824056,h16
1530,100439,1149.733365,h17
1531,100505,665.870527,h17
1532,100506,488.64082,h17
1533,100507,80.351883,h17
1534,100508,674.327406,h17
1535,100509,2001.091578,h17
1536,100510,549.058459,h17
1537,100511,489.978822,h17
1538,100512,609.646719,h17
1539,100513,325.814626,h17
1540,100514,1265.071434,h17
1541,100515,675.819853,h17
1542,100516,736.179861,h17
1543,100517,1348.988153,h17
1544,100518,2037.810743,h17
1545,100519,405.276273,h17
1546,100520,577.107125,h17
1547,100521,921.875088,h17
1548,100522,1348.490856,h17
1549,100523,580.98357,h17
1550,100524,379.694315,h17
1551,100525,474.298381,h17
1552,100526,778.199692,h17
1553,100527,995.106245,h17
1554,100528,642.862758,h17
1555,100529,407.765696,h17
1556,100530,671.345944,h17
1557,100531,419.282779,h17
1558,100532,609.471344,h17
1559,100533,681.083559,h17
1560,100534,1072.657661,h17
1561,100535,1363.873231,h17
1562,100536,1025.810987,h17
1563,100537,129.242371,h17
1564,100538,1512.871582,h17
1565,100539,924.964349,h17
1566,100540,684.228851,h17
1567,100541,1254.045395,h17
1568,100542,191.776407,h17
1569,100543,371.423336,h17
1570,100544,1449.248801,h17
1571,100545,2001.006094,h17
1572,100546,249.578108,h17
1573,100547,957.633664,h17
1574,100548,1355.959652,h17
1575,100549,649.030775,h17
1576,100550,143.389344,h17
1577,100551,29.984604,h17
1578,100552,50.390353,h17
1579,100553,67.035734,h17
1580,100554,364.967957,h17
1581,100555,791.030671,h17
1582,100556,54.737265,h17
1583,100557,1162.005711,h17
1584,100558,876.416388,h17
1585,100559,752.293388,h17
1586,100560,65.233783,h17
1587,100561,101.073241,h17
1588,100562,214.355507,h17
1589,100563,1655.282223,h17
1590,100564,9.437241,h17
1591,100565,2065.296036,h17
1592,100566,926.359913,h17
1593,100569,285.828689,h17
1594,100570,238.059247,h17
1595,100571,139.897521,h17
1596,100572,220.513414,h17
1597,100573,883.681046,h17
1598,100574,1088.894124,h17
1599,100575,1349.30477,h17
1600,100576,310.475857,h17
1601,100577,350.589977,h17
1602,100578,1232.068397,h17
1603,100579,255.153658,h17
1604,100580,1450.486062,h17
1605,100581,1912.9034,h17
1606,100582,819.257049,h17
1607,100583,165.811538,h17
1608,100584,1623.523301,h17
1609,100585,19.534319,h17
1610,100586,586.427516,h17
1611,100587,1297.949792,h17
1612,100598,1347.972505,h17
1613,100667,716.707614,h17
1614,100668,344.80357,h17
1615,100669,482.006443,h17
1616,100793,147.172586,h17
1617,100799,1608.970727,h17
1618,101258,527.476774,h17
1619,101260,1350.71951,h17
1620,100439,1089.245559,h18
1621,100505,619.378452,h18
1622,100506,499.834247,h18
1623,100507,96.940097,h18
1624,100508,695.319871,h18
1625,100509,1768.617495,h18
1626,100510,513.220808,h18
1627,100511,472.756761,h18
1628,100512,562.869759,h18
1629,100513,301.724839,h18
1630,100514,1199.767126,h18
1631,100515,648.356385,h18
1632,100516,658.693557,h18
1633,100517,1175.624102,h18
1634,100518,1899.761891,h18
1635,100519,376.61383,h18
1636,100520,528.154638,h18
1637,100521,711.568441,h18
1638,100522,1259.80432,h18
1639,100523,585.549752,h18
1640,100524,359.86402,h18
1641,100525,489.112191,h18
1642,100526,760.773872,h18
1643,100527,954.665583,h18
1644,100528,582.38673,h18
1645,100529,369.785499,h18
1646,100530,642.002217,h18
1647,100531,384.429553,h18
1648,100532,569.130826,h18
1649,100533,622.764986,h18
1650,100534,946.334703,h18
1651,100535,1252.274965,h18
1652,100536,959.589581,h18
1653,100537,115.480891,h18
1654,100538,1322.780945,h18
1655,100539,843.192628,h18
1656,100540,711.886523,h18
1657,100541,1133.142997,h18
1658,100542,172.282735,h18
1659,100543,328.506346,h18
1660,100544,1265.442301,h18
1661,100545,1791.929941,h18
1662,100546,224.309556,h18
1663,100547,925.673846,h18
1664,100548,1274.772319,h18
1665,100549,627.837103,h18
1666,100550,135.233423,h18
1667,100551,30.822559,h18
1668,100552,48.696188,h18
1669,100553,76.136886,h18
1670,100554,337.889338,h18
1671,100555,748.39442,h18
1672,100556,50.08338,h18
1673,100557,1141.696429,h18
1674,100558,1088.553527,h18
1675,100559,687.18984,h18
1676,100560,59.5791,h18
1677,100561,98.057965,h18
1678,100562,221.56786,h18
1679,100563,1624.4035,h18
1680,100564,8.72325,h18
1681,100565,1899.023196,h18
1682,100566,866.666237,h18
1683,100569,280.445659,h18
1684,100570,230.574209,h18
1685,100571,153.401058,h18
1686,100572,229.634276,h18
1687,100573,796.027937,h18
1688,100574,994.892069,h18
1689,100575,1269.467345,h18
1690,100576,314.216132,h18
1691,100577,342.064457,h18
1692,100578,1145.999865,h18
1693,100579,241.882106,h18
1694,100580,1926.301163,h18
1695,100581,1733.649108,h18
1696,100582,801.708716,h18
1697,100583,164.046117,h18
1698,100584,1514.372016,h18
1699,100585,20.076833,h18
1700,100586,559.35998,h18
1701,100587,1504.260662,h18
1702,100598,1271.190486,h18
1703,100667,665.313794,h18
1704,100668,322.143677,h18
1705,100669,396.76257,h18
1706,100793,139.156027,h18
1707,100799,1675.610851,h18
1708,101258,548.795068,h18
1709,101260,1277.903076,h18
1710,100439,850.814456,h19
1711,100505,548.074583,h19
1712,100506,439.501862,h19
1713,100507,83.962473,h19
1714,100508,707.210346,h19
1715,100509,1588.517727,h19
1716,100510,480.788914,h19
1717,100511,451.534324,h19
1718,100512,540.870126,h19
1719,100513,266.617501,h19
1720,100514,1154.476131,h19
1721,100515,608.532628,h19
1722,100516,601.281695,h19
1723,100517,1009.870556,h19
1724,100518,1688.042291,h19
1725,100519,302.309331,h19
1726,100520,466.588489,h19
1727,100521,572.297574,h19
1728,100522,1180.511865,h19
1729,100523,565.415814,h19
1730,100524,361.906841,h19
1731,100525,501.653881,h19
1732,100526,721.318049,h19
1733,100527,873.909641,h19
1734,100528,588.369613,h19
1735,100529,386.945495,h19
1736,100530,668.58659,h19
1737,100531,385.585392,h19
1738,100532,498.707063,h19
1739,100533,537.639582,h19
1740,100534,831.309332,h19
1741,100535,1136.646569,h19
1742,100536,873.867244,h19
1743,100537,89.168446,h19
1744,100538,1216.616772,h19
1745,100539,1001.227772,h19
1746,100540,623.856389,h19
1747,100541,1057.037691,h19
1748,100542,160.926657,h19
1749,100543,284.231584,h19
1750,100544,1148.812472,h19
1751,100545,1530.767885,h19
1752,100546,228.166061,h19
1753,100547,914.046669,h19
1754,100548,1151.5876,h19
1755,100549,557.7793,h19
1756,100550,127.472326,h19
1757,100551,29.967597,h19
1758,100552,52.431557,h19
1759,100553,61.848652,h19
1760,100554,346.593661,h19
1761,100555,723.494624,h19
1762,100556,44.182624,h19
1763,100557,1053.302437,h19
1764,100558,853.337898,h19
1765,100559,628.375891,h19
1766,100560,59.576178,h19
1767,100561,89.658421,h19
1768,100562,179.825398,h19
1769,100563,1502.635177,h19
1770,100564,7.169694,h19
1771,100565,1658.42973,h19
1772,100566,750.378618,h19
1773,100569,256.981311,h19
1774,100570,191.067192,h19
1775,100571,134.626655,h19
1776,100572,168.14976,h19
1777,100573,718.931588,h19
1778,100574,925.933226,h19
1779,100575,1148.731873,h19
1780,100576,360.088429,h19
1781,100577,346.996232,h19
1782,100578,1036.194766,h19
1783,100579,217.287952,h19
1784,100580,1157.247457,h19
1785,100581,1587.325344,h19
1786,100582,693.753305,h19
1787,100583,149.561658,h19
1788,100584,1399.480788,h19
1789,100585,15.867563,h19
1790,100586,498.803823,h19
1791,100587,1157.5262,h19
1792,100598,1231.613462,h19
1793,100667,639.303961,h19
1794,100668,243.014286,h19
1795,100669,358.571352,h19
1796,100793,165.161991,h19
1797,100799,1414.789546,h19
1798,101258,579.188585,h19
1799,101260,1195.13183,h19
1800,100439,815.450609,h20
1801,100505,489.883376,h20
1802,100506,402.918183,h20
1803,100507,64.853338,h20
1804,100508,567.714459,h20
1805,100509,1321.390772,h20
1806,100510,429.001559,h20
1807,100511,389.250137,h20
1808,100512,498.46895,h20
1809,100513,231.709205,h20
1810,100514,1042.860336,h20
1811,100515,552.902616,h20
1812,100516,539.513656,h20
1813,100517,890.541525,h20
1814,100518,1786.63214,h20
1815,100519,253.485911,h20
1816,100520,414.540324,h20
1817,100521,495.181602,h20
1818,100522,1057.638307,h20
1819,100523,458.407476,h20
1820,100524,319.931398,h20
1821,100525,427.26922,h20
1822,100526,627.649181,h20
1823,100527,738.781942,h20
1824,100528,521.037259,h20
1825,100529,344.111773,h20
1826,100530,616.102964,h20
1827,100531,358.964541,h20
1828,100532,463.974471,h20
1829,100533,513.748339,h20
1830,100534,739.148817,h20
1831,100535,1035.021491,h20
1832,100536,745.69929,h20
1833,100537,77.242633,h20
1834,100538,1159.8487,h20
1835,100539,896.129766,h20
1836,100540,460.766683,h20
1837,100541,924.686117,h20
1838,100542,120.144786,h20
1839,100543,223.457565,h20
1840,100544,1025.758099,h20
1841,100545,1323.104427,h20
1842,100546,196.897712,h20
1843,100547,799.198185,h20
1844,100548,990.144217,h20
1845,100549,489.017397,h20
1846,100550,107.213347,h20
1847,100551,24.34235,h20
1848,100552,38.583672,h20
1849,100553,59.033451,h20
1850,100554,285.553394,h20
1851,100555,560.446975,h20
1852,100556,37.77398,h20
1853,100557,821.511112,h20
1854,100558,945.203602,h20
1855,100559,518.095598,h20
1856,100560,52.057892,h20
1857,100561,71.571171,h20
1858,100562,137.018529,h20
1859,100563,1214.353129,h20
1860,100564,8.722443,h20
1861,100565,1411.473771,h20
1862,100566,589.897025,h20
1863,100569,209.398546,h20
1864,100570,161.539814,h20
1865,100571,95.484194,h20
1866,100572,119.978349,h20
1867,100573,542.385832,h20
1868,100574,754.274682,h20
1869,100575,873.547299,h20
1870,100576,303.081861,h20
1871,100577,287.236805,h20
1872,100578,834.454947,h20
1873,100579,169.945664,h20
1874,100580,958.681446,h20
1875,100581,1274.435006,h20
1876,100582,522.54574,h20
1877,100583,137.378297,h20
1878,100584,1164.983053,h20
1879,100585,12.919873,h20
1880,100586,402.734526,h20
1881,100587,950.814499,h20
1882,100598,1013.915225,h20
1883,100667,515.027594,h20
1884,100668,217.748681,h20
1885,100669,305.238575,h20
1886,100793,141.766639,h20
1887,100799,1008.747479,h20
1888,101258,427.782475,h20
1889,101260,925.744733,h20
1890,100439,620.974966,h21
1891,100505,403.878393,h21
1892,100506,343.948126,h21
1893,100507,51.278508,h21
1894,100508,498.727637,h21
1895,100509,1085.745519,h21
1896,100510,364.45289,h21
1897,100511,355.739292,h21
1898,100512,404.013149,h21
1899,100513,198.755282,h21
1900,100514,889.772179,h21
1901,100515,478.374859,h21
1902,100516,504.01367,h21
1903,100517,1411.500189,h21
1904,100518,1434.374805,h21
1905,100519,192.782834,h21
1906,100520,365.931101,h21
1907,100521,413.662545,h21
1908,100522,968.214746,h21
1909,100523,377.606501,h21
1910,100524,246.225722,h21
1911,100525,408.369622,h21
1912,100526,569.872657,h21
1913,100527,610.785935,h21
1914,100528,464.811571,h21
1915,100529,307.787379,h21
1916,100530,602.546445,h21
1917,100531,312.694377,h21
1918,100532,413.160134,h21
1919,100533,438.983638,h21
1920,100534,653.454268,h21
1921,100535,885.455723,h21
1922,100536,614.096906,h21
1923,100537,62.236118,h21
1924,100538,915.670154,h21
1925,100539,708.163079,h21
1926,100540,316.28874,h21
1927,100541,732.384963,h21
1928,100542,86.990751,h21
1929,100543,177.752905,h21
1930,100544,828.809371,h21
1931,100545,1077.703093,h21
1932,100546,162.509206,h21
1933,100547,707.61983,h21
1934,100548,837.288322,h21
1935,100549,420.909684,h21
1936,100550,102.827866,h21
1937,100551,23.526622,h21
1938,100552,34.380972,h21
1939,100553,49.598701,h21
1940,100554,240.102164,h21
1941,100555,427.977892,h21
1942,100556,33.255597,h21
1943,100557,635.631914,h21
1944,100558,1098.620979,h21
1945,100559,393.713331,h21
1946,100560,33.217713,h21
1947,100561,56.566422,h21
1948,100562,112.229218,h21
1949,100563,907.424454,h21
1950,100564,5.525273,h21
1951,100565,1122.830992,h21
1952,100566,466.008103,h21
1953,100569,166.888862,h21
1954,100570,118.152515,h21
1955,100571,35.091293,h21
1956,100572,68.218455,h21
1957,100573,398.747931,h21
1958,100574,573.528379,h21
1959,100575,671.607419,h21
1960,100576,186.883026,h21
1961,100577,189.635611,h21
1962,100578,627.108182,h21
1963,100579,119.200629,h21
1964,100580,743.178735,h21
1965,100581,972.996804,h21
1966,100582,401.401965,h21
1967,100583,113.614214,h21
1968,100584,818.113901,h21
1969,100585,12.492422,h21
1970,100586,270.049535,h21
1971,100587,880.543623,h21
1972,100598,831.700252,h21
1973,100667,463.306211,h21
1974,100668,199.361145,h21
1975,100669,286.422216,h21
1976,100793,96.074078,h21
1977,100799,572.457671,h21
1978,101258,293.654807,h21
1979,101260,706.879496,h21
1980,100439,687.484543,h22
1981,100505,323.494081,h22
1982,100506,262.315493,h22
1983,100507,54.153356,h22
1984,100508,505.217669,h22
1985,100509,939.138209,h22
1986,100510,271.9776,h22
1987,100511,288.397797,h22
1988,100512,322.984129,h22
1989,100513,170.685827,h22
1990,100514,684.848634,h22
1991,100515,387.07175,h22
1992,100516,427.676381,h22
1993,100517,695.392908,h22
1994,100518,1113.78724,h22
1995,100519,159.708868,h22
1996,100520,304.892307,h22
1997,100521,316.837048,h22
1998,100522,851.900144,h22
1999,100523,317.425758,h22
2000,100524,203.597493,h22
2001,100525,370.819038,h22
2002,100526,496.621862,h22
2003,100527,521.108595,h22
2004,100528,473.585726,h22
2005,100529,284.169014,h22
2006,100530,461.491822,h22
2007,100531,276.463242,h22
2008,100532,290.151523,h22
2009,100533,413.765654,h22
2010,100534,509.035144,h22
2011,100535,766.480074,h22
2012,100536,521.965323,h22
2013,100537,50.370366,h22
2014,100538,721.165846,h22
2015,100539,645.614115,h22
2016,100540,231.065197,h22
2017,100541,519.107653,h22
2018,100542,62.204496,h22
2019,100543,132.339617,h22
2020,100544,657.833906,h22
2021,100545,803.294941,h22
2022,100546,199.908033,h22
2023,100547,577.012439,h22
2024,100548,763.495749,h22
2025,100549,291.939261,h22
2026,100550,85.297963,h22
2027,100551,17.837763,h22
2028,100552,25.823613,h22
2029,100553,40.330969,h22
2030,100554,216.8731,h22
2031,100555,407.756947,h22
2032,100556,26.478775,h22
2033,100557,516.07378,h22
2034,100558,549.873819,h22
2035,100559,320.730417,h22
2036,100560,24.280226,h22
2037,100561,47.418599,h22
2038,100562,107.845453,h22
2039,100563,775.535915,h22
2040,100564,3.432303,h22
2041,100565,877.575094,h22
2042,100566,394.18721,h22
2043,100569,134.94235,h22
2044,100570,94.134327,h22
2045,100571,19.052705,h22
2046,100572,139.398691,h22
2047,100573,338.200865,h22
2048,100574,471.450095,h22
2049,100575,594.351462,h22
2050,100576,107.288024,h22
2051,100577,128.702042,h22
2052,100578,486.308058,h22
2053,100579,94.72417,h22
2054,100580,609.892066,h22
2055,100581,747.860976,h22
2056,100582,314.257768,h22
2057,100583,64.157683,h22
2058,100584,508.159564,h22
2059,100585,13.397488,h22
2060,100586,215.479038,h22
2061,100587,327.045811,h22
2062,100598,722.922151,h22
2063,100667,355.686154,h22
2064,100668,118.491756,h22
2065,100669,232.549509,h22
2066,100793,99.768161,h22
2067,100799,326.45894,h22
2068,101258,218.181677,h22
2069,101260,586.598195,h22
2070,100439,397.595544,h23
2071,100505,240.970639,h23
2072,100506,165.032661,h23
2073,100507,34.76969,h23
2074,100508,345.337277,h23
2075,100509,739.351813,h23
2076,100510,209.69284,h23
2077,100511,218.302537,h23
2078,100512,221.336462,h23
2079,100513,127.314744,h23
2080,100514,468.727332,h23
2081,100515,261.352572,h23
2082,100516,294.842484,h23
2083,100517,490.524638,h23
2084,100518,772.537488,h23
2085,100519,129.540624,h23
2086,100520,217.3838,h23
2087,100521,229.632879,h23
2088,100522,613.576136,h23
2089,100523,240.570651,h23
2090,100524,140.514582,h23
2091,100525,243.262238,h23
2092,100526,356.936688,h23
2093,100527,382.104611,h23
2094,100528,345.38764,h23
2095,100529,208.114395,h23
2096,100530,327.091934,h23
2097,100531,229.561626,h23
2098,100532,194.047426,h23
2099,100533,276.36755,h23
2100,100534,333.607507,h23
2101,100535,499.699905,h23
2102,100536,371.283825,h23
2103,100537,39.58464,h23
2104,100538,492.627798,h23
2105,100539,455.833039,h23
2106,100540,144.236018,h23
2107,100541,361.763168,h23
2108,100542,47.520549,h23
2109,100543,107.307433,h23
2110,100544,449.735913,h23
2111,100545,623.066478,h23
2112,100546,152.85946,h23
2113,100547,427.706019,h23
2114,100548,572.63301,h23
2115,100549,187.335239,h23
2116,100550,87.951009,h23
2117,100551,17.411818,h23
2118,100552,24.375504,h23
2119,100553,40.384715,h23
2120,100554,157.873875,h23
2121,100555,275.463747,h23
2122,100556,18.837366,h23
2123,100557,366.271021,h23
2124,100558,381.707783,h23
2125,100559,215.179739,h23
2126,100560,19.736047,h23
2127,100561,32.387775,h23
2128,100562,52.836795,h23
2129,100563,542.868737,h23
2130,100564,2.429547,h23
2131,100565,654.039045,h23
2132,100566,259.44357,h23
2133,100569,95.95549,h23
2134,100570,83.068528,h23
2135,100571,12.653639,h23
2136,100572,148.958794,h23
2137,100573,258.493063,h23
2138,100574,349.677484,h23
2139,100575,436.17763,h23
2140,100576,76.835827,h23
2141,100577,82.337235,h23
2142,100578,338.013526,h23
2143,100579,67.673551,h23
2144,100580,990.98324,h23
2145,100581,539.713183,h23
2146,100582,215.374627,h23
2147,100583,45.315841,h23
2148,100584,324.86402,h23
2149,100585,13.079665,h23
2150,100586,192.128334,h23
2151,100587,243.543623,h23
2152,100598,543.06936,h23
2153,100667,270.114553,h23
2154,100668,85.426134,h23
2155,100669,124.378378,h23
2156,100793,68.030044,h23
2157,100799,348.87965,h23
2158,101258,136.201079,h23
2159,101260,396.232371,h23
